{
  "model_type": "GradientBoosting",
  "feature_names": [
    "url_length",
    "dot_count",
    "hyphen_count",
    "underscore_count",
    "slash_count",
    "question_mark_count",
    "equal_count",
    "at_count",
    "and_count",
    "exclamation_count",
    "space_count",
    "tilde_count",
    "comma_count",
    "plus_count",
    "asterisk_count",
    "hash_count",
    "dollar_count",
    "percent_count",
    "domain_length",
    "path_length",
    "query_length",
    "fragment_length",
    "path_depth",
    "is_https",
    "is_http",
    "has_port",
    "subdomain_count",
    "domain_word_count",
    "tld_length",
    "has_www",
    "has_ip",
    "suspicious_keyword_count",
    "is_shortener",
    "char_diversity",
    "digit_ratio",
    "letter_ratio",
    "special_char_ratio",
    "entropy"
  ],
  "feature_count": 38,
  "model_info": {
    "algorithm": "GradientBoosting",
    "version": "2.0.0",
    "training_date": "2025-11-04T02:42:21.519055",
    "performance": {
      "accuracy": 0.9942226890756303,
      "auc_score": 0.9998240097098091,
      "training_samples": 9518,
      "test_samples": 1904
    }
  },
  "thresholds": {
    "high_risk": 0.8,
    "medium_risk": 0.6,
    "low_risk": 0.4
  },
  "top_features": [
    [
      "subdomain_count",
      0.3436734049408767
    ],
    [
      "is_https",
      0.26385176566987334
    ],
    [
      "is_http",
      0.23872643827216797
    ],
    [
      "has_www",
      0.14920560552762796
    ],
    [
      "domain_word_count",
      0.0009457073986643327
    ],
    [
      "tld_length",
      0.0006464084930575316
    ],
    [
      "char_diversity",
      0.00045913342230739405
    ],
    [
      "url_length",
      0.0003837646950456933
    ],
    [
      "dot_count",
      0.0003776810806494849
    ],
    [
      "entropy",
      0.0003331798387685319
    ],
    [
      "path_length",
      0.00030409790884233995
    ],
    [
      "digit_ratio",
      0.00020420028253338723
    ],
    [
      "path_depth",
      0.0001835076493890912
    ],
    [
      "letter_ratio",
      0.0001334991215503328
    ],
    [
      "slash_count",
      0.0001279980268337893
    ],
    [
      "special_char_ratio",
      0.00012332895255995184
    ],
    [
      "domain_length",
      0.00012167670742670956
    ],
    [
      "underscore_count",
      7.83186632466317e-05
    ],
    [
      "query_length",
      5.817062166508649e-05
    ],
    [
      "is_shortener",
      4.1517335089751935e-05
    ]
  ],
  "all_feature_importance": {
    "url_length": 0.0003837646950456933,
    "dot_count": 0.0003776810806494849,
    "hyphen_count": 1.2585597560791082e-05,
    "underscore_count": 7.83186632466317e-05,
    "slash_count": 0.0001279980268337893,
    "question_mark_count": 0.0,
    "equal_count": 1.3378191221613647e-06,
    "at_count": 0.0,
    "and_count": 3.53724641803937e-06,
    "exclamation_count": 0.0,
    "space_count": 0.0,
    "tilde_count": 0.0,
    "comma_count": 0.0,
    "plus_count": 0.0,
    "asterisk_count": 0.0,
    "hash_count": 0.0,
    "dollar_count": 0.0,
    "percent_count": 0.0,
    "domain_length": 0.00012167670742670956,
    "path_length": 0.00030409790884233995,
    "query_length": 5.817062166508649e-05,
    "fragment_length": 0.0,
    "path_depth": 0.0001835076493890912,
    "is_https": 0.26385176566987334,
    "is_http": 0.23872643827216797,
    "has_port": 0.0,
    "subdomain_count": 0.3436734049408767,
    "domain_word_count": 0.0009457073986643327,
    "tld_length": 0.0006464084930575316,
    "has_www": 0.14920560552762796,
    "has_ip": 0.0,
    "suspicious_keyword_count": 3.1347287227947223e-06,
    "is_shortener": 4.1517335089751935e-05,
    "char_diversity": 0.00045913342230739405,
    "digit_ratio": 0.00020420028253338723,
    "letter_ratio": 0.0001334991215503328,
    "special_char_ratio": 0.00012332895255995184,
    "entropy": 0.0003331798387685319
  }
}